1,,https://adcr.naver.com/adcr?x=Pi7TGkfgsE49im68yV4A4v///w==kQKKWNMqWIugOhTSUYVZsfrwPBjezcPERBjfiRaQJ42DQkIQvgeP0yBwSooFKgQ+UQ7WAscOdsnSoXAPKGPmOAdedHSH75gsSlfkI94mOCKQQS47EZ+P6BTncg6MptjAaQzDZbFaPIRidg1mEHAaGNaUUMZA7qYg72FghGu8g+/vIKunU6YUlTJq/o/LIML+kHusjmHpNWEpEE7YW57PGt2mbVq6S8Jsv2lUQUTrysC7Vs1qc019Z1uiK4P+JKe4KeZOfpep1MrZJ+6ZBpFarYIDGeVop+nVXbh2encJLi/aoCAl1x5Bg1fYaJgKdlZmyzYQKyE2BmdJRNxIjHd9FXudPXEZ+ZK24fI/lwZ8Z1FGMaWaYZGrs6MbdPKPQ8mHKBq51x9rraegTkkgP4OZBEv4jE8IOMlaChp5NZMW24QD614ZRtf6g2SplQVRDo18huJWp/xkLvBZBHZUTHnEn3bRbn8hpE+gTvg5E4tBqsvi9X8Hqu3swWqbztYV7vQfT+rk2FIk8ggBjrCuTfp1cfacuQUKFSz+jNxrvzMDoEiUT/YYqPRsF0q3k0UoKMbj8iEgQ9X1zMG1gy2l2xQpkNqcpq6w+rtfL/BY2dPT3K3g=
2,,https://adcr.naver.com/adcr?x=DF60L76k52dosZzIfBnbvf///w==kdhWjPU/FXpU/t1dr2LhuFg72IuPV5lcHVzqyw2fVWxm+k6DwSrWm0Fz22J6c4r7o58DQ36uQntAjmX+VBmUdTRoOUeqo9EWIiL1kUa1G+JnrweR2m+dSZSKznffQSQIaiI10HXee5Los3xrsEx4pY3vUUBQc2jDK4KOykuR3aGtQXgABiVLyM3qHuWkaUPB1hwG7sW9xYJqSkr3rT4CLHaiI7rQ4JrEN8vT+z/wUGyuDwc6Yhc2UiknNP76dseWiiNhT//k/mrIudZxzt/CR5FodkkEG8+nJDLl+6C+0+EVFLtTfAQqNftphlFsIoetFJJDDtfYWOFVp2w/Om2VwR4Y4fqsjQ/MmtvoHvvtxD/kr9ydNopORMvTHAJPdCnyWvmLV+eWz4EaxWsIue3/tmFREuyDSu5ezpYPUqUqw2fHa4ffoTn6M2BH7gZbq/bc24zGzNmywlpffSEvyXdwRYRlqQQN/9CxuVA87W1jhRn/Bi0xSSiu0mx3lmxhxXHY1ngZQTVwHqyBpHtqp3m4uwPBcQhCJIpSod5YhAFZWS+TwGvviXCf7JQhggM8ez+PgdgiXiuT5mDBUd8ahCH245M6qa13n8fouh990oIUUcPD/f+g3+WdbbS940H93rjhV
3,,https://blog.naver.com/moimoi1357/223116965255
4,,https://blog.naver.com/hj_bw/223122660212
5,,https://blog.naver.com/nkj2001/223095668983
6,,https://blog.naver.com/urmyver/223079591746
7,,https://blog.naver.com/lomi1856/223124530766
8,,https://adcr.naver.com/adcr?x=uKKw03tXtZKQG/0o9EsYAP///w==kRonBbPXXMHohgHt5c1hgF9We1n+flQ0/iAU0TXoEVmqEP5AuN7zBSAi5Bd5z4UjszYEljqmFK9mmkMXOdkRhX+fAlZ9WEYmqISjbhzh5SXSz16bLPuUk4+BUTGScjlUkzLZtnp7GdjkfWRnjU6m0xwk7vpOXj3mOxy3xnFKSKllG951PZNM8Af9TzVcipMASgrkhgY1Q+jqRA9JemwKNZVi4BrcSpeBk5EOIk9qMsicsOZQ98aN32E9mHwjTdLFj1HEcxLuAUbY2t0duWuym74QHduQPlWBZMyLWZnpyv4YolhV68R43UB+BiKQffE0BtwSivDTrZr60hkRWWexhU5+xLwbHxRMe4BWCG6Lt7hcacjSSfHcZAgFPxNCfRWAVohM6egtWBRjz2OxPWelzhGO6sexU0t4WSj8Pt8uAru4k0Kkz7NEJBpBl7OTzccQQZlIQEHwadduCIZdxmdSWK7J/WMghVsS3TFvcUqimZA/6MO8i/vrQOR+7e0OmT6cKMveTBx/GwzdaCRB/+QUjN/Kpp4bYDQq/7Q+3uet6KyqK2VDxFHSk5udJlUgnIkPS1qA8nhW6pxMaxr93YowL2MyDeoPT+OH6XSfCpidQPuI=
9,,https://adcr.naver.com/adcr?x=m3ekjgsm7kq88Y4htULzgf///w==kD63Cxmj/8uroRugCYXCJCzRwcOd2eAu7XZ7oBICQwq81O6JuO5Hiz4kpY33HR74qVOvA9NsIFSP4Nn9vAGgVPK6/1mf/yTUa571btAEZxmjsrmKaA+yFaOCxtoP3Vr4FDZnQcmyshtOhc/Deaa5EMJ0/QncxKqxe3y63mnlnRd/zXEsdBSIijWc4uZRvPiKvEqn7N+4OdQhGNj+aMUfScxwJJVO33ZINjPtzdBxoogCrzmefSGdrcydvXUxYc3k/cW2BbrWYvQRisk+dt7Ueac53K87NWMGCDg+HiFVwO+IHYe29e1DYay1S8/eRC9f9AYTIhQ1T7jv/dFIqVOSD3wEiA4uzV+HCPR4fKUlhG6q+JkHTfTAc2ZteosoISx01An6ibwPnhZwUKEjeHo9/cwdMNaRKKsdKtUXyxNwazz9kvoGiHRyRdvl+baLz0xH3mnPpoGHm+YjGEZYKm13Pj1YjfAQD39bbOqzYcAq/SGGAakyoqFfZS10zgmGRjw+CMdeHcdATDQVQGBnLdqx3EoK4gBLEm9wWqycUUMTyb/aJcIirurEbx1AHcDNYPkdflvklK1GZDd7LrrL+x8xdECbXSNoFwq/BTbrdi08DM5s=
10,,https://blog.naver.com/sanghyo1026/223116681160
11,,https://mainia.tistory.com/4545
12,,https://post.naver.com/viewer/postView.naver?volumeNo=22111709&memberNo=25379965&vType=VERTICAL
13,,https://cafe.naver.com/arduinostory/150668?art=ZXh0ZXJuYWwtc2VydmljZS1uYXZlci1zZWFyY2gtY2FmZS1wcg.eyJhbGciOiJIUzI1NiIsInR5cCI6IkpXVCJ9.eyJjYWZlVHlwZSI6IkNBRkVfVVJMIiwiY2FmZVVybCI6ImFyZHVpbm9zdG9yeSIsImFydGljbGVJZCI6MTUwNjY4LCJpc3N1ZWRBdCI6MTY4Nzc0NDg5NjM5Nn0.D9jJeVQuuXYsIa2fvpGb0CtF7XGayZ5aEsKsZ8cktKY
14,,https://cafe.naver.com/sqlpd/52500?art=ZXh0ZXJuYWwtc2VydmljZS1uYXZlci1zZWFyY2gtY2FmZS1wcg.eyJhbGciOiJIUzI1NiIsInR5cCI6IkpXVCJ9.eyJjYWZlVHlwZSI6IkNBRkVfVVJMIiwiY2FmZVVybCI6InNxbHBkIiwiYXJ0aWNsZUlkIjo1MjUwMCwiaXNzdWVkQXQiOjE2ODc3NDQ4OTYzOTZ9.kJuiF6bg0foGpocxaiYwJ0iZS6x5BYTjMVAjxGvcCVk
15,,https://blog.naver.com/ocmarketing/223040044418
16,,https://blog.naver.com/ridesafe/223054476246
17,,https://blog.naver.com/aiwositai/223095770510
18,,https://blog.naver.com/kr208h/223119418578
19,,https://cafe.naver.com/inmacbook/2610062?art=ZXh0ZXJuYWwtc2VydmljZS1uYXZlci1zZWFyY2gtY2FmZS1wcg.eyJhbGciOiJIUzI1NiIsInR5cCI6IkpXVCJ9.eyJjYWZlVHlwZSI6IkNBRkVfVVJMIiwiY2FmZVVybCI6ImlubWFjYm9vayIsImFydGljbGVJZCI6MjYxMDA2MiwiaXNzdWVkQXQiOjE2ODc3NDQ4OTYzOTh9.kbA01TihCjYwR0d5l42Ah5l6TFaKbqTONUN6lxNBjSo
20,,https://blog.naver.com/makerhanssem/223060162996
21,,https://blog.naver.com/gkehd1212/223136133032
22,,https://cafe.naver.com/steamindiegame/11290179?art=ZXh0ZXJuYWwtc2VydmljZS1uYXZlci1zZWFyY2gtY2FmZS1wcg.eyJhbGciOiJIUzI1NiIsInR5cCI6IkpXVCJ9.eyJjYWZlVHlwZSI6IkNBRkVfVVJMIiwiY2FmZVVybCI6InN0ZWFtaW5kaWVnYW1lIiwiYXJ0aWNsZUlkIjoxMTI5MDE3OSwiaXNzdWVkQXQiOjE2ODc3NDQ4OTY0MDB9.9CREUYCef1_RElfD-KECk1RRroFtf05rCuuXmaocN7k
23,,https://cafe.naver.com/carroty/381878?art=ZXh0ZXJuYWwtc2VydmljZS1uYXZlci1zZWFyY2gtY2FmZS1wcg.eyJhbGciOiJIUzI1NiIsInR5cCI6IkpXVCJ9.eyJjYWZlVHlwZSI6IkNBRkVfVVJMIiwiY2FmZVVybCI6ImNhcnJvdHkiLCJhcnRpY2xlSWQiOjM4MTg3OCwiaXNzdWVkQXQiOjE2ODc3NDQ4OTY0MDB9.JhoTYJoEGaSCGjUTbuoH31AY4wuQ-ZJ6zLPGXwq09co
24,,https://cafe.naver.com/sqlpd/54596?art=ZXh0ZXJuYWwtc2VydmljZS1uYXZlci1zZWFyY2gtY2FmZS1wcg.eyJhbGciOiJIUzI1NiIsInR5cCI6IkpXVCJ9.eyJjYWZlVHlwZSI6IkNBRkVfVVJMIiwiY2FmZVVybCI6InNxbHBkIiwiYXJ0aWNsZUlkIjo1NDU5NiwiaXNzdWVkQXQiOjE2ODc3NDQ4OTY0MDF9.OztykKSGJCSsRe6tncdhFbUEol4ee1WT03jjihDG7Tw
25,,https://cafe.naver.com/specup/7277803?art=ZXh0ZXJuYWwtc2VydmljZS1uYXZlci1zZWFyY2gtY2FmZS1wcg.eyJhbGciOiJIUzI1NiIsInR5cCI6IkpXVCJ9.eyJjYWZlVHlwZSI6IkNBRkVfVVJMIiwiY2FmZVVybCI6InNwZWN1cCIsImFydGljbGVJZCI6NzI3NzgwMywiaXNzdWVkQXQiOjE2ODc3NDQ4OTY0MDF9.NMG8mVgW202t1o0vWzCt0Y47f1nNARU6flZBaz6UutA
26,,https://cafe.naver.com/blender3d/39208?art=ZXh0ZXJuYWwtc2VydmljZS1uYXZlci1zZWFyY2gtY2FmZS1wcg.eyJhbGciOiJIUzI1NiIsInR5cCI6IkpXVCJ9.eyJjYWZlVHlwZSI6IkNBRkVfVVJMIiwiY2FmZVVybCI6ImJsZW5kZXIzZCIsImFydGljbGVJZCI6MzkyMDgsImlzc3VlZEF0IjoxNjg3NzQ0ODk2NDAyfQ.yvKGwimiyqOKScVPa92BpkVR7ciNcMvGbtIlttsxVT4
27,,https://blog.naver.com/kayno/223130791079
28,,https://blog.naver.com/sg90929/223069662333
29,,https://blog.naver.com/tank100/223128588391
30,,https://cafe.naver.com/unityhub/141206?art=ZXh0ZXJuYWwtc2VydmljZS1uYXZlci1zZWFyY2gtY2FmZS1wcg.eyJhbGciOiJIUzI1NiIsInR5cCI6IkpXVCJ9.eyJjYWZlVHlwZSI6IkNBRkVfVVJMIiwiY2FmZVVybCI6InVuaXR5aHViIiwiYXJ0aWNsZUlkIjoxNDEyMDYsImlzc3VlZEF0IjoxNjg3NzQ0ODk2NDA0fQ.l0mkF0-VRXFIT4yEisPtmP8sIm8hZTNsxq-taiv2mXk
31,,https://cafe.naver.com/winspec/556447?art=ZXh0ZXJuYWwtc2VydmljZS1uYXZlci1zZWFyY2gtY2FmZS1wcg.eyJhbGciOiJIUzI1NiIsInR5cCI6IkpXVCJ9.eyJjYWZlVHlwZSI6IkNBRkVfVVJMIiwiY2FmZVVybCI6IndpbnNwZWMiLCJhcnRpY2xlSWQiOjU1NjQ0NywiaXNzdWVkQXQiOjE2ODc3NDQ4OTY0MDR9.2dRT-cKuHvmcEE-ht54ZmnXueBXckYRV-kwzUhZzO0U
32,,https://blog.naver.com/chan63078/223127935843
33,,https://blog.naver.com/ggumdream_/223137466849
34,,https://blog.naver.com/ytlee64/223126748136
35,,https://blog.naver.com/alfee0/223074610168
36,,https://cafe.naver.com/hacosa/320174?art=ZXh0ZXJuYWwtc2VydmljZS1uYXZlci1zZWFyY2gtY2FmZS1wcg.eyJhbGciOiJIUzI1NiIsInR5cCI6IkpXVCJ9.eyJjYWZlVHlwZSI6IkNBRkVfVVJMIiwiY2FmZVVybCI6ImhhY29zYSIsImFydGljbGVJZCI6MzIwMTc0LCJpc3N1ZWRBdCI6MTY4Nzc0NDg5OTA1Mn0.Tg1lyhNHb3OCD-gsn25Hz6W9Ssz54oxa2whL4Kgn3FI
37,,https://blog.naver.com/gold5doo/223121995586
38,,https://blog.naver.com/gnuoes66/223129433794
39,,https://blog.naver.com/happynut/223117962046
40,,https://cafe.naver.com/hotengnet/927957?art=ZXh0ZXJuYWwtc2VydmljZS1uYXZlci1zZWFyY2gtY2FmZS1wcg.eyJhbGciOiJIUzI1NiIsInR5cCI6IkpXVCJ9.eyJjYWZlVHlwZSI6IkNBRkVfVVJMIiwiY2FmZVVybCI6ImhvdGVuZ25ldCIsImFydGljbGVJZCI6OTI3OTU3LCJpc3N1ZWRBdCI6MTY4Nzc0NDg5OTA1NX0.q2EsZiQIWozYqhZIvAnDd1I1yZZGni7e2NoYp0wRwr8
41,,https://blog.naver.com/techshare/223137540775
42,,https://blog.naver.com/skyktc/223126451354
43,,https://blog.naver.com/applenews7/223135547580
44,,https://blog.naver.com/kkang2yah/223137272790
45,,https://blog.naver.com/nabilera1/223064353888
46,,https://blog.naver.com/viewpo/223135240191
47,,https://blog.naver.com/infopub/223133584234
48,,https://jhrogue.blogspot.com/2023/04/blog-post.html
49,,https://blog.naver.com/dsz08082/223127858868
50,,https://blog.naver.com/stonefly2001/223043795576
51,,https://blog.naver.com/smhrd_official/223123276096
52,,https://blog.naver.com/pcmola/223137313015
53,,https://blog.naver.com/tramper2/223126093006
54,,https://blog.naver.com/agapeuni/223118605154
55,,https://blog.naver.com/ezenacademymain/223130362149
56,,https://cafe.naver.com/dokchi/12270450?art=ZXh0ZXJuYWwtc2VydmljZS1uYXZlci1zZWFyY2gtY2FmZS1wcg.eyJhbGciOiJIUzI1NiIsInR5cCI6IkpXVCJ9.eyJjYWZlVHlwZSI6IkNBRkVfVVJMIiwiY2FmZVVybCI6ImRva2NoaSIsImFydGljbGVJZCI6MTIyNzA0NTAsImlzc3VlZEF0IjoxNjg3NzQ0ODk5MDYyfQ.dr5pTbB6-yPpyriwJe-Xi3y2Dmhe8jDpck9Zdi3PT9c
57,,https://cafe.naver.com/crazygm/229741?art=ZXh0ZXJuYWwtc2VydmljZS1uYXZlci1zZWFyY2gtY2FmZS1wcg.eyJhbGciOiJIUzI1NiIsInR5cCI6IkpXVCJ9.eyJjYWZlVHlwZSI6IkNBRkVfVVJMIiwiY2FmZVVybCI6ImNyYXp5Z20iLCJhcnRpY2xlSWQiOjIyOTc0MSwiaXNzdWVkQXQiOjE2ODc3NDQ4OTkwNjJ9.lXOcnp9BMAiNRTRETSg8QHWEtRpl4Mp643n8Oxe-4f0
58,,https://blog.naver.com/chogar/223113866025
59,,https://cafe.naver.com/hotengnet/928271?art=ZXh0ZXJuYWwtc2VydmljZS1uYXZlci1zZWFyY2gtY2FmZS1wcg.eyJhbGciOiJIUzI1NiIsInR5cCI6IkpXVCJ9.eyJjYWZlVHlwZSI6IkNBRkVfVVJMIiwiY2FmZVVybCI6ImhvdGVuZ25ldCIsImFydGljbGVJZCI6OTI4MjcxLCJpc3N1ZWRBdCI6MTY4Nzc0NDg5OTA2M30.ut2nKsR0pEwrLLQk4vp_f1_rgWBL6BDlhVFwKYDZEsA
60,,https://cafe.naver.com/sqlpd/55828?art=ZXh0ZXJuYWwtc2VydmljZS1uYXZlci1zZWFyY2gtY2FmZS1wcg.eyJhbGciOiJIUzI1NiIsInR5cCI6IkpXVCJ9.eyJjYWZlVHlwZSI6IkNBRkVfVVJMIiwiY2FmZVVybCI6InNxbHBkIiwiYXJ0aWNsZUlkIjo1NTgyOCwiaXNzdWVkQXQiOjE2ODc3NDQ4OTkwNjR9.EaoSuHuE9vsknaOxRbPxHsamu0EHT3HvD_G4pddSVZU
61,,https://cafe.naver.com/hotengnet/927444?art=ZXh0ZXJuYWwtc2VydmljZS1uYXZlci1zZWFyY2gtY2FmZS1wcg.eyJhbGciOiJIUzI1NiIsInR5cCI6IkpXVCJ9.eyJjYWZlVHlwZSI6IkNBRkVfVVJMIiwiY2FmZVVybCI6ImhvdGVuZ25ldCIsImFydGljbGVJZCI6OTI3NDQ0LCJpc3N1ZWRBdCI6MTY4Nzc0NDg5OTA2NH0.zrsEqoaGPb_-PBFPePhIx8ZbrXcQqBVPAUNMJiplp7Y
62,,https://cafe.naver.com/iseumcomics/7745?art=ZXh0ZXJuYWwtc2VydmljZS1uYXZlci1zZWFyY2gtY2FmZS1wcg.eyJhbGciOiJIUzI1NiIsInR5cCI6IkpXVCJ9.eyJjYWZlVHlwZSI6IkNBRkVfVVJMIiwiY2FmZVVybCI6ImlzZXVtY29taWNzIiwiYXJ0aWNsZUlkIjo3NzQ1LCJpc3N1ZWRBdCI6MTY4Nzc0NDg5OTA2NX0.-cfpGUHBKE3Mv-5ekKAggCYF-JnRZs-VWdyQCBYAXyc
63,,https://cafe.naver.com/sqlpd/55469?art=ZXh0ZXJuYWwtc2VydmljZS1uYXZlci1zZWFyY2gtY2FmZS1wcg.eyJhbGciOiJIUzI1NiIsInR5cCI6IkpXVCJ9.eyJjYWZlVHlwZSI6IkNBRkVfVVJMIiwiY2FmZVVybCI6InNxbHBkIiwiYXJ0aWNsZUlkIjo1NTQ2OSwiaXNzdWVkQXQiOjE2ODc3NDQ4OTkwNjZ9.5i0jr4ZPqT3wAvbdSErAcFGZ-wWAZotPHjVrGUwLxWc
64,,https://cafe.naver.com/arduinostory/150810?art=ZXh0ZXJuYWwtc2VydmljZS1uYXZlci1zZWFyY2gtY2FmZS1wcg.eyJhbGciOiJIUzI1NiIsInR5cCI6IkpXVCJ9.eyJjYWZlVHlwZSI6IkNBRkVfVVJMIiwiY2FmZVVybCI6ImFyZHVpbm9zdG9yeSIsImFydGljbGVJZCI6MTUwODEwLCJpc3N1ZWRBdCI6MTY4Nzc0NDg5OTA2Nn0.rl_7pJz_pi_GIN4eNcbm2rczGUAxCG-qXhzAo99S4y4
65,,https://blog.naver.com/haley2203/223123512340
66,,https://blog.naver.com/baebully0986/223132297748
67,,https://blog.naver.com/educoding/223135730578
68,,https://cafe.naver.com/sqlpd/55444?art=ZXh0ZXJuYWwtc2VydmljZS1uYXZlci1zZWFyY2gtY2FmZS1wcg.eyJhbGciOiJIUzI1NiIsInR5cCI6IkpXVCJ9.eyJjYWZlVHlwZSI6IkNBRkVfVVJMIiwiY2FmZVVybCI6InNxbHBkIiwiYXJ0aWNsZUlkIjo1NTQ0NCwiaXNzdWVkQXQiOjE2ODc3NDQ5MDA5NjV9.Np-G6KPbEk54l66shN-yAB3Xmhy_4uEr_oIxAzOuFZE
69,,https://blog.naver.com/code00morning/223135049341
70,,https://blog.naver.com/newzio/223131431821
71,,https://blog.naver.com/c3dongtan/223128636216
72,,https://cafe.naver.com/yjbooks/91857?art=ZXh0ZXJuYWwtc2VydmljZS1uYXZlci1zZWFyY2gtY2FmZS1wcg.eyJhbGciOiJIUzI1NiIsInR5cCI6IkpXVCJ9.eyJjYWZlVHlwZSI6IkNBRkVfVVJMIiwiY2FmZVVybCI6InlqYm9va3MiLCJhcnRpY2xlSWQiOjkxODU3LCJpc3N1ZWRBdCI6MTY4Nzc0NDkwMDk2N30.wV2BFzvY1rb9vi2ANBHVwJ9xiWYDmlr8vewcMno53PQ
73,,https://cafe.naver.com/starmapmap/3761?art=ZXh0ZXJuYWwtc2VydmljZS1uYXZlci1zZWFyY2gtY2FmZS1wcg.eyJhbGciOiJIUzI1NiIsInR5cCI6IkpXVCJ9.eyJjYWZlVHlwZSI6IkNBRkVfVVJMIiwiY2FmZVVybCI6InN0YXJtYXBtYXAiLCJhcnRpY2xlSWQiOjM3NjEsImlzc3VlZEF0IjoxNjg3NzQ0OTAwOTY4fQ.fblRybp53YCGGoapwQtIutFgQM7DefF59AypsEa4kF4
74,,https://cafe.naver.com/yeosumam/1496560?art=ZXh0ZXJuYWwtc2VydmljZS1uYXZlci1zZWFyY2gtY2FmZS1wcg.eyJhbGciOiJIUzI1NiIsInR5cCI6IkpXVCJ9.eyJjYWZlVHlwZSI6IkNBRkVfVVJMIiwiY2FmZVVybCI6Inllb3N1bWFtIiwiYXJ0aWNsZUlkIjoxNDk2NTYwLCJpc3N1ZWRBdCI6MTY4Nzc0NDkwMDk2OX0.nYJZaGTbWZzEGjIiqqPgvm2s0wUpME9_5ycQzR8h44M
75,,https://cafe.naver.com/minocafeminebi/5256?art=ZXh0ZXJuYWwtc2VydmljZS1uYXZlci1zZWFyY2gtY2FmZS1wcg.eyJhbGciOiJIUzI1NiIsInR5cCI6IkpXVCJ9.eyJjYWZlVHlwZSI6IkNBRkVfVVJMIiwiY2FmZVVybCI6Im1pbm9jYWZlbWluZWJpIiwiYXJ0aWNsZUlkIjo1MjU2LCJpc3N1ZWRBdCI6MTY4Nzc0NDkwMDk2OX0.qC0bc9kQSRWfeni3iXAinar3OAB1HDp0eaLufIdrGb0
76,,https://cafe.naver.com/synologynas/190557?art=ZXh0ZXJuYWwtc2VydmljZS1uYXZlci1zZWFyY2gtY2FmZS1wcg.eyJhbGciOiJIUzI1NiIsInR5cCI6IkpXVCJ9.eyJjYWZlVHlwZSI6IkNBRkVfVVJMIiwiY2FmZVVybCI6InN5bm9sb2d5bmFzIiwiYXJ0aWNsZUlkIjoxOTA1NTcsImlzc3VlZEF0IjoxNjg3NzQ0OTAwOTcwfQ.Fuag4iiXXDnpyRWa0UyRRA4F9fGIyOg6ifulwA8PjP8
77,,https://cafe.naver.com/theuosstock/7400?art=ZXh0ZXJuYWwtc2VydmljZS1uYXZlci1zZWFyY2gtY2FmZS1wcg.eyJhbGciOiJIUzI1NiIsInR5cCI6IkpXVCJ9.eyJjYWZlVHlwZSI6IkNBRkVfVVJMIiwiY2FmZVVybCI6InRoZXVvc3N0b2NrIiwiYXJ0aWNsZUlkIjo3NDAwLCJpc3N1ZWRBdCI6MTY4Nzc0NDkwMDk3MX0.Q-l-D-OO0spnpbNBhPPRA6GGb0pAIR57dgVqNsXQ8MM
78,,https://cafe.naver.com/delmadang/1595?art=ZXh0ZXJuYWwtc2VydmljZS1uYXZlci1zZWFyY2gtY2FmZS1wcg.eyJhbGciOiJIUzI1NiIsInR5cCI6IkpXVCJ9.eyJjYWZlVHlwZSI6IkNBRkVfVVJMIiwiY2FmZVVybCI6ImRlbG1hZGFuZyIsImFydGljbGVJZCI6MTU5NSwiaXNzdWVkQXQiOjE2ODc3NDQ5MDA5NzF9.shjB7pOtcvALYSdgLj8dOZl0TtzkrJLiAGvn25iC-t0
79,,https://cafe.naver.com/inmacbook/2619828?art=ZXh0ZXJuYWwtc2VydmljZS1uYXZlci1zZWFyY2gtY2FmZS1wcg.eyJhbGciOiJIUzI1NiIsInR5cCI6IkpXVCJ9.eyJjYWZlVHlwZSI6IkNBRkVfVVJMIiwiY2FmZVVybCI6ImlubWFjYm9vayIsImFydGljbGVJZCI6MjYxOTgyOCwiaXNzdWVkQXQiOjE2ODc3NDQ5MDA5NzF9.FmN7hAjYbwulZqoOYEkhc85LTa0CFFDZS2tTITXO51E
80,,https://cafe.naver.com/kjkidstudy/355668?art=ZXh0ZXJuYWwtc2VydmljZS1uYXZlci1zZWFyY2gtY2FmZS1wcg.eyJhbGciOiJIUzI1NiIsInR5cCI6IkpXVCJ9.eyJjYWZlVHlwZSI6IkNBRkVfVVJMIiwiY2FmZVVybCI6Imtqa2lkc3R1ZHkiLCJhcnRpY2xlSWQiOjM1NTY2OCwiaXNzdWVkQXQiOjE2ODc3NDQ5MDA5NzF9.n2SFGf1hrm6e29XCtVQepOazF3L00yZUyLiVgL3JZwY
81,,https://cafe.naver.com/minocafeminebi/5297?art=ZXh0ZXJuYWwtc2VydmljZS1uYXZlci1zZWFyY2gtY2FmZS1wcg.eyJhbGciOiJIUzI1NiIsInR5cCI6IkpXVCJ9.eyJjYWZlVHlwZSI6IkNBRkVfVVJMIiwiY2FmZVVybCI6Im1pbm9jYWZlbWluZWJpIiwiYXJ0aWNsZUlkIjo1Mjk3LCJpc3N1ZWRBdCI6MTY4Nzc0NDkwMDk3Mn0.HzhMBsbKDxsqlEBgiMEdzC9nfL2n_NaqFtgxja4e_gY
82,,https://cafe.naver.com/winspec/535650?art=ZXh0ZXJuYWwtc2VydmljZS1uYXZlci1zZWFyY2gtY2FmZS1wcg.eyJhbGciOiJIUzI1NiIsInR5cCI6IkpXVCJ9.eyJjYWZlVHlwZSI6IkNBRkVfVVJMIiwiY2FmZVVybCI6IndpbnNwZWMiLCJhcnRpY2xlSWQiOjUzNTY1MCwiaXNzdWVkQXQiOjE2ODc3NDQ5MDA5NzN9.cWwqsRPF4-Hn2HDp4iCPojIv7OMZpyMg6BoEpxp2eQ8
83,,https://cafe.naver.com/mathall/2623079?art=ZXh0ZXJuYWwtc2VydmljZS1uYXZlci1zZWFyY2gtY2FmZS1wcg.eyJhbGciOiJIUzI1NiIsInR5cCI6IkpXVCJ9.eyJjYWZlVHlwZSI6IkNBRkVfVVJMIiwiY2FmZVVybCI6Im1hdGhhbGwiLCJhcnRpY2xlSWQiOjI2MjMwNzksImlzc3VlZEF0IjoxNjg3NzQ0OTAwOTczfQ.l7LTtJkAOgq9maPh3f9IHFSS1nhcqjZuGXvzZp3uSFw
84,,https://cafe.naver.com/mancityworld/533997?art=ZXh0ZXJuYWwtc2VydmljZS1uYXZlci1zZWFyY2gtY2FmZS1wcg.eyJhbGciOiJIUzI1NiIsInR5cCI6IkpXVCJ9.eyJjYWZlVHlwZSI6IkNBRkVfVVJMIiwiY2FmZVVybCI6Im1hbmNpdHl3b3JsZCIsImFydGljbGVJZCI6NTMzOTk3LCJpc3N1ZWRBdCI6MTY4Nzc0NDkwMDk3M30.eBXvKo3VnQZMmyg6E9ygIG9qFlxnbAWfkW_Mu5FIlyg
85,,https://cafe.naver.com/enginemaker2/4091?art=ZXh0ZXJuYWwtc2VydmljZS1uYXZlci1zZWFyY2gtY2FmZS1wcg.eyJhbGciOiJIUzI1NiIsInR5cCI6IkpXVCJ9.eyJjYWZlVHlwZSI6IkNBRkVfVVJMIiwiY2FmZVVybCI6ImVuZ2luZW1ha2VyMiIsImFydGljbGVJZCI6NDA5MSwiaXNzdWVkQXQiOjE2ODc3NDQ5MDA5NzR9.WgbfuC4_hvxxgszDKUmaE1sgoyYg5otqSopjIsSIpQ8
86,,https://cafe.naver.com/dieselmania/41571256?art=ZXh0ZXJuYWwtc2VydmljZS1uYXZlci1zZWFyY2gtY2FmZS1wcg.eyJhbGciOiJIUzI1NiIsInR5cCI6IkpXVCJ9.eyJjYWZlVHlwZSI6IkNBRkVfVVJMIiwiY2FmZVVybCI6ImRpZXNlbG1hbmlhIiwiYXJ0aWNsZUlkIjo0MTU3MTI1NiwiaXNzdWVkQXQiOjE2ODc3NDQ5MDA5NzV9.Tn6FRgZOEm8b-MksJ-C6moJvS1eSw_WD5g1hIidRx7A
87,,https://cafe.naver.com/chengnamomlife/2000660?art=ZXh0ZXJuYWwtc2VydmljZS1uYXZlci1zZWFyY2gtY2FmZS1wcg.eyJhbGciOiJIUzI1NiIsInR5cCI6IkpXVCJ9.eyJjYWZlVHlwZSI6IkNBRkVfVVJMIiwiY2FmZVVybCI6ImNoZW5nbmFtb21saWZlIiwiYXJ0aWNsZUlkIjoyMDAwNjYwLCJpc3N1ZWRBdCI6MTY4Nzc0NDkwMDk3NX0.425M_AUpJvX2ryU9lxkK1snkZFCYHVXpNzziyC0YbSI
